subgroup,comparison,n,match_n,match_rate,match_ci_low,match_ci_high,under_n,under_rate,under_ci_low,under_ci_high,over_n,over_rate,over_ci_low,over_ci_high,discordant_n,direction_p,direction_p_holm
overall,GPT vs Gold,39,23,0.5897435897435898,0.4341862288289696,0.7292068999927482,9,0.23076923076923078,0.12645804125142845,0.38336257228341764,7,0.1794871794871795,0.08977265473219112,0.3266804566188162,16,0.803619384765625,1.0
overall,GPT vs Nurse,39,23,0.5897435897435898,0.4341862288289696,0.7292068999927482,10,0.2564102564102564,0.14568780540992576,0.4108165592168397,6,0.15384615384615385,0.07247472376982099,0.29729463648926696,16,0.454498291015625,1.0
overall,Nurse vs Gold,39,25,0.6410256410256411,0.48418148559548546,0.7725791454100713,8,0.20512820512820512,0.10779718230710376,0.3553396801358229,6,0.15384615384615385,0.07247472376982099,0.29729463648926696,14,0.79052734375,1.0
