comparison,behavioral_match_n,behavioral_total,behavioral_match_rate,non_behavioral_match_n,non_behavioral_total,non_behavioral_match_rate,odds_ratio,fisher_p,fisher_p_holm
GPT vs Gold,3,8,0.375,20,31,0.6451612903225806,0.33,0.23487788812866214,0.4697557762573243
GPT vs Nurse,3,8,0.375,20,31,0.6451612903225806,0.33,0.23487788812866214,0.4697557762573243
Nurse vs Gold,8,8,1.0,17,31,0.5483870967741935,inf,0.033666316948050695,0.10099895084415209
