subgroup,model,comparison,n,match_n,match_rate,match_ci_low,match_ci_high,under_n,under_rate,under_ci_low,under_ci_high,over_n,over_rate,over_ci_low,over_ci_high,discordant_n,direction_p,direction_p_holm
behavioral_health_28_35,GPT Natural,vs Gold,8,3,0.375,0.13684428582359737,0.6942576053973728,3,0.375,0.13684428582359737,0.6942576053973728,2,0.25,0.071479212752109,0.5907245696898311,5,1.0,1.0
behavioral_health_28_35,GPT Natural,vs Nurse,8,3,0.375,0.13684428582359737,0.6942576053973728,3,0.375,0.13684428582359737,0.6942576053973728,2,0.25,0.071479212752109,0.5907245696898311,5,1.0,1.0
behavioral_health_28_35,GPTH Multiturn,vs Gold,8,4,0.5,0.2152160622138775,0.7847839377861225,0,0.0,0.0,0.32440756488388034,4,0.5,0.2152160622138775,0.7847839377861225,4,0.125,0.375
behavioral_health_28_35,GPTH Multiturn,vs Nurse,8,2,0.25,0.071479212752109,0.5907245696898311,0,0.0,0.0,0.32440756488388034,6,0.75,0.40927543031016883,0.9285207872478909,6,0.03125,0.125
behavioral_health_28_35,Reference Standards,Nurse vs Gold,8,8,1.0,0.6755924351161198,1.0,0,0.0,0.0,0.32440756488388034,0,0.0,0.0,0.32440756488388034,0,,
